observationID,mediaID,deploymentID,eventStart,eventEnd,observationLevel,observationType,eventID,cameraSetupType,scientificName,count,lifeStage,sex,behavior,individualID,individualPositionRadius,individualPositionAngle,individualSpeed,bboxX,bboxY,bboxWidth,bboxHeight,classificationMethod,classifiedBy,classificationTimestamp,classificationProbability,observationTags,observationComments
PICT0094_1,PICT0094,test-DEPLOYMENT-LOCATION-test-DATE-test-CAMERA,,,,,,,,,,,,,,,,,,,,,,,,,
PICT0095_1,PICT0095,test-DEPLOYMENT-LOCATION-test-DATE-test-CAMERA,,,,,,,,,,,,,,,,,,,,,,,,,
PICT0097_1,PICT0097,test-DEPLOYMENT-LOCATION-test-DATE-test-CAMERA,,,,,,,,,,,,,,,,,,,,,,,,,
PICT0096_1,PICT0096,test-DEPLOYMENT-LOCATION-test-DATE-test-CAMERA,,,,,,,,,,,,,,,,,,,,,,,,,
PICT0092_1,PICT0092,test-DEPLOYMENT-LOCATION-test-DATE-test-CAMERA,,,,,,,,,,,,,,,,,,,,,,,,,
PICT0093_1,PICT0093,test-DEPLOYMENT-LOCATION-test-DATE-test-CAMERA,,,,,,,,,,,,,,,,,,,,,,,,,
PICT0091_1,PICT0091,test-DEPLOYMENT-LOCATION-test-DATE-test-CAMERA,,,,,,,,,,,,,,,,,,,,,,,,,
PICT0090_1,PICT0090,test-DEPLOYMENT-LOCATION-test-DATE-test-CAMERA,,,,,,,,,,,,,,,,,,,,,,,,,
PICT0100_1,PICT0100,test-DEPLOYMENT-LOCATION-test-DATE-test-CAMERA,,,,,,,,,,,,,,,,,,,,,,,,,
PICT0098_1,PICT0098,test-DEPLOYMENT-LOCATION-test-DATE-test-CAMERA,,,,,,,,,,,,,,,,,,,,,,,,,
PICT0099_1,PICT0099,test-DEPLOYMENT-LOCATION-test-DATE-test-CAMERA,,,,,,,,,,,,,,,,,,,,,,,,,
